"cid";"first_name";"last_name";"dob";"age";"date_of_reg";"house_number";"street_name";"city";"state";"pincode"
5;"John2";"Doe2";"2000-01-01";75;"2022-01-01";"7";"Race Course Road2";"New Delhi";"Delhi";"100001"
6;"John3";"Doe3";"2000-01-01";124;"2022-01-01";"7";"Race Course Road";"New Delhi";"Delhi";"100000"
7;"John3";"Doe3";"2000-02-01";74;"2022-01-01";"7";"Race Course Road2";"New Delhi";"Delhi";"100001"
8;"John3";"Doe3";"2000-02-01";74;"2022-01-01";"7";"Race Course Road2";"New Delhi";"Delhi";"100001"
9;"John3";"Doe3";"2000-02-03";74;"2022-01-01";"7";"Race Course Road2";"New Delhi";"Delhi";"100001"
10;"John3";"Doe3";"2000-02-03";74;"2022-01-01";"7";"Race Course Road2";"New Delhi";"Delhi";"100001"
11;"John3";"Doe3";"2000-02-03";74;"2022-01-01";"7";"Race Course Road2";"New Delhi";"Delhi";"100001"
12;"John3";"Doe3";"2000-02-03";74;"2022-01-01";"7";"Race Course Road2";"New Delhi";"Delhi";"100001"
13;"John3";"Doe3";"2000-02-03";75;"2022-01-01";"7";"Race Course Road2";"New Delhi";"Delhi";"100001"
14;"John3";"Doe3";"2000-02-03";75;"2022-01-01";"7";"Race Course Road2";"New Delhi";"Delhi";"100001"
